n_tot,n_meas,n_sim,dist_mean,dist_min,dist_max,sl_mean,sl_min,sl_max,dbh_mean,dbh_min,dbh_max,group
1093,543,550,23.416783158963455,0.077494448870418,50,24.38019839159201,0,542.940124051484,12.83587280057224,4,41.02868848258893,All
862,312,550,26.756032580618744,0.077494448870418,50,10.352151679179581,0,542.940124051484,12.274488365458769,4,41.02868848258893,0
49,49,0,14.718399042433953,0.294880604744866,48.902431339438,57.62768561725378,0,441.6902693674621,13.889795918367348,4.5,32.7,IBLC
105,105,0,11.573438757710354,0.0897258369674329,32.7046361724068,75.66994653779685,0,468.2204899425509,13.917142857142856,4,35.4,1
39,39,0,8.768566871925405,0.196587069829911,20.8763383768911,65.82025761811981,0.980955333853321,394.95059862910506,15.653846153846153,4.3,36.7,2
24,24,0,7.184194064009812,0.595002697429854,14.3792318545548,96.3523655419465,0.01801294858836982,308.5257788790418,18.283333333333335,6.7,33,3
6,6,0,4.975524658190423,1.89247802428046,8.24584971986646,239.5736685990012,68.53699806297769,440.5501064123096,19.666666666666668,11.3,29.5,4
8,8,0,6.272921515547332,2.97387332107418,8.62753911273288,79.75153514196779,0.2768376738505202,288.3677362401617,17.475,10.7,25.5,5
